GivenName,Surname,EmailAddress
Lasse,Carlsen,LasseVCarlsen@superrito.com
Oscar,Klausen,OscarEKlausen@dayrep.com
Simon,Knudsen,SimonNKnudsen@gustr.com
Jakob,Jeppesen,JakobMJeppesen@rhyta.com
Malthe,Jeppesen,MaltheAJeppesen@jourrapide.com
Sebastian,Lauridsen,SebastianSLauridsen@rhyta.com
August,Bach,AugustJBach@armyspy.com
Nansen,Hansen,NansenLHansen@teleworm.us
Lasse,Jepsen,LasseNJepsen@cuvox.de
Gustav,Juhl,GustavFJuhl@superrito.com
Martin,Jessen,MartinMJessen@rhyta.com
Martin,Laursen,MartinCLaursen@superrito.com
Laurits,Lind,LauritsLLind@armyspy.com
Nansen,Kjeldsen,NansenCKjeldsen@gustr.com
Jonathan,Holm,JonathanSHolm@gustr.com
Alexander,Nilsson,AlexanderTNilsson@superrito.com
Albert,Thomsen,AlbertEThomsen@teleworm.us
Daniel,Pedersen,DanielIPedersen@superrito.com
Hjalte,Hedegaard,HjalteRHedegaard@cuvox.de
Torben,Kjær,TorbenAKjaer@einrot.com
Noah,Ravn,NoahCRavn@rhyta.com
Mikkel,Jespersen,MikkelFJespersen@dayrep.com
Jonathan,Frederiksen,JonathanMFrederiksen@gustr.com
Mikkel,Frederiksen,MikkelLFrederiksen@fleckens.hu
Anton,Lauridsen,AntonELauridsen@armyspy.com
Thomas,Andreasen,ThomasSAndreasen@dayrep.com
Bent,Carlsen,BentCCarlsen@gustr.com
Anton,Kristoffersen,AntonCKristoffersen@superrito.com
Carl,Lassen,CarlOLassen@gustr.com
Peter,Nielsen,PeterSNielsen@armyspy.com
Jonas,Steffensen,JonasMSteffensen@jourrapide.com
Mohamed,Henriksen,MohamedDHenriksen@gustr.com
Jeppe,Lind,JeppeNLind@einrot.com
Kasper,Nørgaard,KasperMNorgaard@armyspy.com
Anders,Steffensen,AndersSSteffensen@teleworm.us
Daniel,Johnsen,DanielIJohnsen@armyspy.com
Bertram,Johansen,BertramSJohansen@fleckens.hu
Niels,Søndergaard,NielsDSondergaard@superrito.com
Andreas,Madsen,AndreasMMadsen@dayrep.com
Daniel,Lund,DanielNLund@teleworm.us
Silas,Jessen,SilasAJessen@rhyta.com
Mads,Jørgensen,MadsSJorgensen@cuvox.de
Laurits,Hermansen,LauritsAHermansen@dayrep.com
Magnus,Iversen,MagnusSIversen@cuvox.de
Joachim,Jessen,JoachimRJessen@jourrapide.com
Niels,Thorsen,NielsNThorsen@armyspy.com
Thomas,Clausen,ThomasKClausen@armyspy.com
Christoffer,Andresen,ChristofferTAndresen@cuvox.de
Liva,Holst,LivaCHolst@dayrep.com
Patrick,Gregersen,PatrickRGregersen@armyspy.com
Sebastian,Johansen,SebastianJJohansen@armyspy.com
Benjamin,Nielsen,BenjaminSNielsen@gustr.com
Nikolaj,Eriksen,NikolajTEriksen@einrot.com
Villads,Lauridsen,VilladsMLauridsen@fleckens.hu
Johan,Kjeldsen,JohanSKjeldsen@jourrapide.com
Anton,Jakobsen,AntonAJakobsen@cuvox.de
Felix,Larsen,FelixJLarsen@rhyta.com
Sander,Kjeldsen,SanderAKjeldsen@superrito.com
Søren,Mortensen,SorenTMortensen@gustr.com
Alma,Poulsen,AlmaSPoulsen@teleworm.us
Simon,Holst,SimonFHolst@rhyta.com
Silas,Olsen,SilasLOlsen@fleckens.hu
Mohamed,Petersen,MohamedMPetersen@dayrep.com
Nansen,Schultz,NansenVSchultz@superrito.com
Mohammad,Carlsen,MohammadMCarlsen@einrot.com
Julius,Laursen,JuliusMLaursen@einrot.com
Sille,Thomsen,SilleAThomsen@gustr.com
Magnus,Mortensen,MagnusSMortensen@einrot.com
David,Holm,DavidTHolm@fleckens.hu
Mathias,Laursen,MathiasTLaursen@gustr.com
Peter,Ravn,PeterNRavn@einrot.com
Daniel,Bach,DanielBBach@einrot.com
Carl,Laursen,CarlJLaursen@armyspy.com
Martin,Thomsen,MartinSThomsen@cuvox.de
Alexander,Vestergaard,AlexanderLVestergaard@gustr.com
William,Brandt,WilliamKBrandt@dayrep.com
Carl,Mogensen,CarlSMogensen@armyspy.com
Andrea,Knudsen,AndreaTKnudsen@teleworm.us
Simon,Pedersen,SimonSPedersen@teleworm.us
Tosh,Nilsson,ToshMNilsson@superrito.com
Christian,Lind,ChristianSLind@fleckens.hu
August,Johansen,AugustAJohansen@teleworm.us
Mohamed,Berg,MohamedOBerg@gustr.com
Christoffer,Clausen,ChristofferJClausen@dayrep.com
Nansen,Eriksen,NansenEEriksen@dayrep.com
Oscar,Bech,OscarCBech@fleckens.hu
Johan,Olesen,JohanCOlesen@gustr.com
Oliver,Bech,OliverABech@teleworm.us
Rasmus,Villadsen,RasmusJVilladsen@cuvox.de
Morten,Lind,MortenELind@armyspy.com
Marius,Overgaard,MariusMOvergaard@einrot.com
Elias,Dahl,EliasNDahl@jourrapide.com
Mads,Gregersen,MadsSGregersen@rhyta.com
Storm,Andreasen,StormJAndreasen@teleworm.us
Michael,Simonsen,MichaelCSimonsen@superrito.com
Mark,Mikkelsen,MarkRMikkelsen@cuvox.de
Sarah,Gregersen,SarahPGregersen@armyspy.com
Oskar,Kristoffersen,OskarRKristoffersen@armyspy.com
Anton,Schou,AntonSSchou@superrito.com
Malthe,Koch,MaltheEKoch@armyspy.com
William,Eriksen,WilliamCEriksen@fleckens.hu
Niels,Larsen,NielsLLarsen@teleworm.us
Jeppe,Olesen,JeppeAOlesen@einrot.com
Victor,Nissen,VictorLNissen@fleckens.hu
Felix,Andreasen,FelixLAndreasen@rhyta.com
Jens,Schmidt,JensASchmidt@rhyta.com
Anders,Schultz,AndersMSchultz@gustr.com
Julius,Johansen,JuliusLJohansen@armyspy.com
Kasper,Steffensen,KasperESteffensen@gustr.com
Oscar,Christoffersen,OscarKChristoffersen@teleworm.us
Philip,Holm,PhilipSHolm@jourrapide.com
Tristan,Jepsen,TristanLJepsen@gustr.com
Oscar,Mogensen,OscarMMogensen@armyspy.com
Lasse,Damgaard,LasseNDamgaard@teleworm.us
Emil,Nissen,EmilHNissen@teleworm.us
Lucas,Hansen,LucasMHansen@einrot.com
Laurits,Winther,LauritsTWinther@fleckens.hu
Nicolai,Schultz,NicolaiJSchultz@superrito.com
Mark,Bertelsen,MarkCBertelsen@fleckens.hu
Michael,Koch,MichaelRKoch@superrito.com
Tobias,Eriksen,TobiasFEriksen@rhyta.com
Kasper,Madsen,KasperCMadsen@rhyta.com
Lea,Holst,LeaJHolst@fleckens.hu
Lucas,Dam,LucasNDam@armyspy.com
David,Paulsen,DavidSPaulsen@armyspy.com
Hjalte,Friis,HjalteSFriis@gustr.com
Tristan,Krogh,TristanEKrogh@cuvox.de
Bent,Brandt,BentABrandt@gustr.com
Storm,Dam,StormRDam@fleckens.hu
Simone,Paulsen,SimoneJPaulsen@jourrapide.com
Storm,Damgaard,StormDDamgaard@cuvox.de
Hjalte,Jessen,HjalteEJessen@fleckens.hu
Simon,Holst,SimonPHolst@armyspy.com
Villads,Jespersen,VilladsLJespersen@fleckens.hu
Oliver,Frandsen,OliverAFrandsen@teleworm.us
Martin,Koch,MartinMKoch@gustr.com
Lasse,Sørensen,LasseRSorensen@dayrep.com
Mohammad,Holst,MohammadTHolst@jourrapide.com
Noah,Nielsen,NoahANielsen@superrito.com
Valdemar,Lauritsen,ValdemarMLauritsen@jourrapide.com
Marius,Skov,MariusMSkov@einrot.com
Lucas,Bech,LucasSBech@teleworm.us
Albert,Bruun,AlbertHBruun@armyspy.com
Selam,Østergaard,SelamVOstergaard@superrito.com
Felix,Sørensen,FelixKSorensen@fleckens.hu
Albert,Østergaard,AlbertSOstergaard@gustr.com
Asger,Bach,AsgerCBach@superrito.com
Laurits,Jessen,LauritsOJessen@teleworm.us
Tosh,Hedegaard,ToshFHedegaard@jourrapide.com
Tristan,Hermansen,TristanVHermansen@superrito.com
Thomas,Nissen,ThomasNNissen@teleworm.us
Jesper,Bang,JesperFBang@gustr.com
Kasper,Dam,KasperHDam@einrot.com
Jacob,Ravn,JacobFRavn@superrito.com
Mimir,Madsen,MimirNMadsen@gustr.com
Mikkel,Clausen,MikkelAClausen@dayrep.com
Aksel,Poulsen,AkselDPoulsen@armyspy.com
Dennis,Lassen,DennisCLassen@gustr.com
Oscar,Kjær,OscarSKjaer@rhyta.com
Gustav,Clausen,GustavAClausen@jourrapide.com
Alfred,Mortensen,AlfredSMortensen@teleworm.us
Bertram,Frandsen,BertramDFrandsen@dayrep.com
Sander,Christoffersen,SanderSChristoffersen@jourrapide.com
Tobias,Christiansen,TobiasAChristiansen@dayrep.com
David,Bak,DavidMBak@dayrep.com
Valdemar,Lind,ValdemarMLind@jourrapide.com
Frederik,Friis,FrederikRFriis@rhyta.com
Frederik,Nielsen,FrederikMNielsen@fleckens.hu
Patrick,Frandsen,PatrickMFrandsen@einrot.com
Sara,Koch,SaraJKoch@armyspy.com
William,Thorsen,WilliamKThorsen@teleworm.us
Adam,Bertelsen,AdamMBertelsen@einrot.com
Aksel,Jacobsen,AkselJJacobsen@cuvox.de
Sebastian,Nygaard,SebastianNNygaard@fleckens.hu
Niels,Olesen,NielsMOlesen@armyspy.com
Frederik,Poulsen,FrederikAPoulsen@superrito.com
Jesper,Thorsen,JesperJThorsen@dayrep.com
Mike,Møller,MikeNMoller@gustr.com
Valdemar,Bang,ValdemarSBang@armyspy.com
Torben,Thomsen,TorbenNThomsen@jourrapide.com
Morten,Holm,MortenSHolm@einrot.com
Mike,Petersen,MikeTPetersen@gustr.com
William,Lassen,WilliamSLassen@teleworm.us
Jens,Schou,JensMSchou@jourrapide.com
Jeppe,Frandsen,JeppeHFrandsen@fleckens.hu
Malthe,Jespersen,MaltheSJespersen@jourrapide.com
Lasse,Andresen,LasseMAndresen@dayrep.com
Elias,Vestergaard,EliasAVestergaard@superrito.com
Alexander,Vestergaard,AlexanderMVestergaard@einrot.com
Adam,Andresen,AdamFAndresen@jourrapide.com
Johan,Villadsen,JohanNVilladsen@gustr.com
Alexander,Nygaard,AlexanderANygaard@fleckens.hu
Natasja,Nygaard,NatasjaSNygaard@cuvox.de
Magnus,Steffensen,MagnusASteffensen@superrito.com
Christian,Schultz,ChristianMSchultz@gustr.com
Peter,Jeppesen,PeterAJeppesen@gustr.com
Tristan,Jeppesen,TristanRJeppesen@fleckens.hu
Kasper,Andreasen,KasperFAndreasen@einrot.com
Daniel,Schmidt,DanielDSchmidt@rhyta.com
Mathias,Hedegaard,MathiasNHedegaard@cuvox.de
Sebastian,Larsen,SebastianELarsen@rhyta.com
Nicklas,Villadsen,NicklasRVilladsen@cuvox.de
Jesper,Christiansen,JesperAChristiansen@cuvox.de
Dennis,Kjeldsen,DennisSKjeldsen@rhyta.com
Oskar,Olesen,OskarEOlesen@rhyta.com
Emilie,Simonsen,EmilieKSimonsen@dayrep.com
Bertram,Kruse,BertramAKruse@dayrep.com
Benjamin,Eriksen,BenjaminIEriksen@rhyta.com
Gustav,Lund,GustavDLund@dayrep.com
Mikkel,Mortensen,MikkelFMortensen@gustr.com
Trine,Gregersen,TrineSGregersen@dayrep.com
Jakob,Dahl,JakobBDahl@einrot.com
Jonathan,Andersen,JonathanRAndersen@einrot.com
Peter,Christiansen,PeterSChristiansen@gustr.com
Bertram,Mikkelsen,BertramMMikkelsen@cuvox.de
Asger,Søndergaard,AsgerESondergaard@gustr.com
Mike,Ravn,MikeHRavn@einrot.com
David,Poulsen,DavidLPoulsen@fleckens.hu
Asger,Mathiasen,AsgerSMathiasen@einrot.com
Jacob,Mathiesen,JacobKMathiesen@dayrep.com
Christoffer,Berg,ChristofferMBerg@teleworm.us
Jonathan,Villadsen,JonathanMVilladsen@jourrapide.com
Nicklas,Lassen,NicklasLLassen@rhyta.com
Niels,Kruse,NielsDKruse@dayrep.com
William,Jespersen,WilliamMJespersen@superrito.com
Marcus,Jepsen,MarcusCJepsen@fleckens.hu
Mikkel,Møller,MikkelAMoller@dayrep.com
Peter,Knudsen,PeterFKnudsen@cuvox.de
Thomas,Nilsson,ThomasCNilsson@dayrep.com
Hannah,Kristiansen,HannahLKristiansen@cuvox.de
Julius,Mortensen,JuliusIMortensen@superrito.com
Aksel,Jacobsen,AkselNJacobsen@jourrapide.com
Tristan,Mortensen,TristanTMortensen@cuvox.de
Julie,Danielsen,JulieBDanielsen@teleworm.us
Christian,Clausen,ChristianMClausen@rhyta.com
Nikolaj,Paulsen,NikolajRPaulsen@rhyta.com
Jonathan,Mikkelsen,JonathanCMikkelsen@teleworm.us
Bent,Jepsen,BentIJepsen@jourrapide.com
Mikkel,Laursen,MikkelKLaursen@teleworm.us
Oscar,Simonsen,OscarASimonsen@jourrapide.com
Mohammad,Hedegaard,MohammadMHedegaard@jourrapide.com
Victor,Dahl,VictorEDahl@fleckens.hu
Joachim,Christensen,JoachimAChristensen@einrot.com
Jonas,Lorenzen,JonasFLorenzen@armyspy.com
Thomas,Mathiasen,ThomasSMathiasen@dayrep.com
Mads,Kristensen,MadsAKristensen@teleworm.us
Jens,Andersen,JensFAndersen@gustr.com
Marcus,Christoffersen,MarcusSChristoffersen@cuvox.de
Storm,Østergaard,StormAOstergaard@rhyta.com
Jonathan,Villadsen,JonathanSVilladsen@jourrapide.com
Søren,Andresen,SorenLAndresen@fleckens.hu
Kasper,Kristiansen,KasperCKristiansen@armyspy.com
Benjamin,Carlsen,BenjaminLCarlsen@superrito.com
Asger,Winther,AsgerRWinther@rhyta.com
Thea,Johansen,TheaTJohansen@dayrep.com
Thomas,Paulsen,ThomasCPaulsen@einrot.com
Bertram,Andersen,BertramMAndersen@fleckens.hu
Tosh,Poulsen,ToshFPoulsen@jourrapide.com
Nansen,Steffensen,NansenRSteffensen@einrot.com
Noah,Carlsen,NoahJCarlsen@einrot.com
Jacob,Ravn,JacobNRavn@fleckens.hu
Nikolaj,Nielsen,NikolajKNielsen@rhyta.com
Andreas,Søndergaard,AndreasHSondergaard@jourrapide.com
Celina,Knudsen,CelinaAKnudsen@armyspy.com
Jonathan,Steffensen,JonathanASteffensen@jourrapide.com
Laurits,Nilsson,LauritsNNilsson@rhyta.com
Silas,Olsen,SilasTOlsen@armyspy.com
Aksel,Andresen,AkselSAndresen@dayrep.com
Tobias,Jepsen,TobiasAJepsen@gustr.com
Mohammad,Gregersen,MohammadMGregersen@superrito.com
Silas,Kjær,SilasFKjaer@rhyta.com
Trine,Vestergaard,TrineAVestergaard@armyspy.com
Laurits,Lauritsen,LauritsELauritsen@dayrep.com
Mimir,Brandt,MimirLBrandt@jourrapide.com
Nicolai,Kristoffersen,NicolaiKKristoffersen@armyspy.com
Jesper,Thorsen,JesperSThorsen@gustr.com
Jonathan,Bach,JonathanSBach@superrito.com
Villads,Frandsen,VilladsLFrandsen@rhyta.com
Morten,Lauritsen,MortenSLauritsen@superrito.com
Laurits,Ravn,LauritsLRavn@armyspy.com
Christian,Johansen,ChristianJJohansen@teleworm.us
Magnus,Schou,MagnusASchou@armyspy.com
Jesper,Frederiksen,JesperTFrederiksen@fleckens.hu
Torben,Skov,TorbenASkov@teleworm.us
Laurits,Madsen,LauritsSMadsen@cuvox.de
Josefine,Kristoffersen,JosefineVKristoffersen@gustr.com
Selma,Jeppesen,SelmaOJeppesen@dayrep.com
Bertram,Jensen,BertramNJensen@fleckens.hu
Asger,Kjær,AsgerRKjaer@armyspy.com
Malthe,Juhl,MaltheNJuhl@teleworm.us
Carl,Pedersen,CarlSPedersen@jourrapide.com
Michael,Lauritsen,MichaelTLauritsen@rhyta.com
Frederik,Mogensen,FrederikAMogensen@superrito.com
Malthe,Andresen,MaltheCAndresen@dayrep.com
Niels,Jespersen,NielsNJespersen@armyspy.com
Anders,Henriksen,AndersAHenriksen@cuvox.de
Peter,Holst,PeterNHolst@teleworm.us
Mike,Carlsen,MikeDCarlsen@gustr.com
Marius,Dahl,MariusSDahl@jourrapide.com
Joachim,Bruun,JoachimRBruun@superrito.com
Tosh,Schmidt,ToshHSchmidt@einrot.com
Lucas,Møller,LucasTMoller@teleworm.us
Albert,Madsen,AlbertSMadsen@jourrapide.com
Andreas,Christiansen,AndreasNChristiansen@armyspy.com
Adam,Johansen,AdamMJohansen@einrot.com
Carl,Kristiansen,CarlJKristiansen@teleworm.us
Anders,Hermansen,AndersLHermansen@armyspy.com
Nicklas,Nilsson,NicklasENilsson@fleckens.hu
Nicklas,Gregersen,NicklasCGregersen@cuvox.de
Valdemar,Jensen,ValdemarOJensen@armyspy.com
David,Bak,DavidCBak@gustr.com
Magnus,Knudsen,MagnusEKnudsen@armyspy.com
Philip,Kruse,PhilipLKruse@jourrapide.com
Søren,Larsen,SorenALarsen@armyspy.com
August,Jepsen,AugustMJepsen@armyspy.com
Aksel,Kristoffersen,AkselLKristoffersen@armyspy.com
Nikolaj,Kjær,NikolajMKjaer@armyspy.com
Gustav,Schou,GustavESchou@armyspy.com
Lasse,Søndergaard,LasseFSondergaard@rhyta.com
Jesper,Nygaard,JesperTNygaard@jourrapide.com
Johan,Jessen,JohanLJessen@teleworm.us
Nicklas,Henriksen,NicklasIHenriksen@einrot.com
Torben,Kristoffersen,TorbenAKristoffersen@einrot.com
Jakob,Sørensen,JakobASorensen@dayrep.com
Carl,Lund,CarlPLund@fleckens.hu
Johan,Dam,JohanSDam@superrito.com
Alexander,Gregersen,AlexanderIGregersen@dayrep.com
Albert,Frandsen,AlbertRFrandsen@dayrep.com
Anton,Brandt,AntonSBrandt@jourrapide.com
Christoffer,Bang,ChristofferMBang@einrot.com
Torben,Dam,TorbenLDam@jourrapide.com
Marius,Mortensen,MariusHMortensen@armyspy.com
Julius,Johansen,JuliusSJohansen@teleworm.us
Mimir,Kruse,MimirCKruse@cuvox.de
Christoffer,Jensen,ChristofferCJensen@gustr.com
Jacob,Ravn,JacobFRavn@cuvox.de
Anton,Nørgaard,AntonINorgaard@dayrep.com
Nicklas,Hermansen,NicklasAHermansen@einrot.com
Malou,Bak,MalouSBak@gustr.com
Marius,Svendsen,MariusVSvendsen@jourrapide.com
Thomas,Mathiesen,ThomasSMathiesen@gustr.com
Olivia,Winther,OliviaAWinther@armyspy.com
Christian,Lassen,ChristianELassen@gustr.com
Laurits,Winther,LauritsEWinther@rhyta.com
Christoffer,Møller,ChristofferMMoller@jourrapide.com
Jeppe,Iversen,JeppeFIversen@dayrep.com
Torben,Kjær,TorbenSKjaer@superrito.com
Adam,Simonsen,AdamMSimonsen@jourrapide.com
Mathias,Johansen,MathiasRJohansen@jourrapide.com
Alfred,Jespersen,AlfredCJespersen@superrito.com
Simon,Dahl,SimonMDahl@fleckens.hu
Oscar,Thygesen,OscarLThygesen@cuvox.de
Aksel,Frederiksen,AkselOFrederiksen@armyspy.com
Mohamed,Hansen,MohamedCHansen@einrot.com
Noah,Bang,NoahABang@dayrep.com
Martin,Thorsen,MartinSThorsen@armyspy.com
Nicolai,Andersen,NicolaiJAndersen@superrito.com
Jeppe,Vestergaard,JeppeAVestergaard@armyspy.com
Victor,Klausen,VictorAKlausen@teleworm.us
Alfred,Olsen,AlfredMOlsen@jourrapide.com
Nikolaj,Schmidt,NikolajSSchmidt@armyspy.com
Adam,Olsen,AdamIOlsen@rhyta.com
Mohamed,Sørensen,MohamedLSorensen@cuvox.de
Jonas,Bech,JonasNBech@armyspy.com
Johan,Frandsen,JohanKFrandsen@cuvox.de
Julius,Eriksen,JuliusCEriksen@armyspy.com
Mikkel,Klausen,MikkelTKlausen@superrito.com
Alfred,Brandt,AlfredMBrandt@dayrep.com
Bent,Mortensen,BentDMortensen@superrito.com
Rosa,Simonsen,RosaJSimonsen@cuvox.de
Jacob,Ravn,JacobSRavn@cuvox.de
Jakob,Jakobsen,JakobLJakobsen@jourrapide.com
Philip,Klausen,PhilipCKlausen@dayrep.com
Emil,Thygesen,EmilAThygesen@gustr.com
Oskar,Kristoffersen,OskarMKristoffersen@teleworm.us
Oskar,Mortensen,OskarEMortensen@superrito.com
Malthe,Danielsen,MalthePDanielsen@jourrapide.com
Kasper,Møller,KasperSMoller@armyspy.com
Sander,Christensen,SanderLChristensen@armyspy.com
Tristan,Steffensen,TristanTSteffensen@rhyta.com
Sofia,Schultz,SofiaTSchultz@armyspy.com
Adam,Simonsen,AdamSSimonsen@gustr.com
Mathias,Hansen,MathiasAHansen@gustr.com
Mimir,Frederiksen,MimirFFrederiksen@fleckens.hu
Philip,Sørensen,PhilipFSorensen@teleworm.us
Patrick,Jespersen,PatrickAJespersen@fleckens.hu
Patrick,Carlsen,PatrickSCarlsen@armyspy.com
Sander,Jensen,SanderLJensen@rhyta.com
Mohammad,Jørgensen,MohammadSJorgensen@teleworm.us
Bent,Olesen,BentSOlesen@teleworm.us
Magnus,Bech,MagnusLBech@jourrapide.com
August,Jespersen,AugustEJespersen@dayrep.com
Laurits,Johnsen,LauritsBJohnsen@armyspy.com
Jens,Kristiansen,JensCKristiansen@teleworm.us
Marcus,Kjeldsen,MarcusKKjeldsen@teleworm.us
Gustav,Sørensen,GustavLSorensen@dayrep.com
Tristan,Lund,TristanLLund@teleworm.us
August,Svendsen,AugustASvendsen@dayrep.com
Albert,Bak,AlbertLBak@cuvox.de
Philip,Møller,PhilipLMoller@dayrep.com
Philip,Andresen,PhilipIAndresen@armyspy.com
Victor,Thygesen,VictorLThygesen@jourrapide.com
Benjamin,Brandt,BenjaminMBrandt@dayrep.com
Søren,Olesen,SorenNOlesen@teleworm.us
Thomas,Svendsen,ThomasSSvendsen@teleworm.us
Christian,Jensen,ChristianMJensen@dayrep.com
Søren,Lauritsen,SorenCLauritsen@armyspy.com
Mike,Dam,MikeJDam@teleworm.us
Niels,Ravn,NielsNRavn@jourrapide.com
Elias,Iversen,EliasSIversen@dayrep.com
Sander,Paulsen,SanderEPaulsen@superrito.com
Magnus,Schou,MagnusASchou@dayrep.com
Torben,Karlsen,TorbenEKarlsen@armyspy.com
Frederik,Jespersen,FrederikNJespersen@einrot.com
David,Jessen,DavidLJessen@cuvox.de
William,Søndergaard,WilliamOSondergaard@cuvox.de
Asger,Overgaard,AsgerCOvergaard@cuvox.de
Nicolai,Nygaard,NicolaiINygaard@jourrapide.com
Magnus,Henriksen,MagnusNHenriksen@teleworm.us
Mike,Schmidt,MikeRSchmidt@armyspy.com
Asger,Andresen,AsgerMAndresen@armyspy.com
Michael,Andresen,MichaelMAndresen@rhyta.com
Tobias,Hedegaard,TobiasFHedegaard@armyspy.com
Johan,Schou,JohanLSchou@superrito.com
Torben,Lorenzen,TorbenILorenzen@jourrapide.com
Storm,Brandt,StormNBrandt@fleckens.hu
Christoffer,Gregersen,ChristofferJGregersen@jourrapide.com
Alexander,Karlsen,AlexanderHKarlsen@armyspy.com
Adam,Johnsen,AdamCJohnsen@gustr.com
Albert,Bak,AlbertSBak@einrot.com
Lucas,Mikkelsen,LucasRMikkelsen@einrot.com
Niels,Toft,NielsMToft@cuvox.de
Mohammad,Bruun,MohammadHBruun@cuvox.de
Daniel,Toft,DanielVToft@superrito.com
Emil,Bach,EmilNBach@superrito.com
Anton,Henriksen,AntonSHenriksen@superrito.com
Simon,Nilsson,SimonFNilsson@superrito.com
Aksel,Mikkelsen,AkselAMikkelsen@armyspy.com
Tristan,Jessen,TristanHJessen@dayrep.com
Albert,Lassen,AlbertRLassen@einrot.com
Mette,Lassen,MetteFLassen@teleworm.us
Mike,Schou,MikeASchou@dayrep.com
Noah,Møller,NoahRMoller@jourrapide.com
Aksel,Karlsen,AkselNKarlsen@rhyta.com
Mikkel,Lorenzen,MikkelSLorenzen@superrito.com
Bertram,Frederiksen,BertramCFrederiksen@dayrep.com
Sander,Mikkelsen,SanderAMikkelsen@jourrapide.com
Joachim,Pedersen,JoachimHPedersen@gustr.com
Rasmus,Frandsen,RasmusCFrandsen@superrito.com
Aase,Olesen,AaseEOlesen@rhyta.com
Laurits,Paulsen,LauritsMPaulsen@gustr.com
Victoria,Ravn,VictoriaFRavn@einrot.com
David,Lind,DavidTLind@cuvox.de
Adam,Bang,AdamTBang@jourrapide.com
Jacob,Toft,JacobEToft@armyspy.com
Tosh,Kristiansen,ToshSKristiansen@dayrep.com
Emil,Winther,EmilMWinther@gustr.com
Mark,Thomsen,MarkSThomsen@teleworm.us
Albert,Laursen,AlbertOLaursen@cuvox.de
Tobias,Hermansen,TobiasJHermansen@superrito.com
Celina,Thorsen,CelinaAThorsen@armyspy.com
Dennis,Nilsson,DennisRNilsson@gustr.com
Kasper,Dahl,KasperSDahl@jourrapide.com
Dennis,Friis,DennisBFriis@superrito.com
Peter,Christensen,PeterEChristensen@dayrep.com
Jesper,Rasmussen,JesperDRasmussen@teleworm.us
Christian,Mortensen,ChristianAMortensen@einrot.com
Mohammad,Hansen,MohammadAHansen@jourrapide.com
Laurits,Jespersen,LauritsJJespersen@einrot.com
Nicklas,Jensen,NicklasRJensen@fleckens.hu
Emil,Krogh,EmilOKrogh@cuvox.de
Adam,Krogh,AdamAKrogh@rhyta.com
Emil,Eriksen,EmilAEriksen@armyspy.com
Kasper,Christensen,KasperAChristensen@cuvox.de
Lucas,Friis,LucasLFriis@cuvox.de
Patrick,Frandsen,PatrickAFrandsen@einrot.com
Villads,Thorsen,VilladsIThorsen@rhyta.com
Felix,Laursen,FelixNLaursen@einrot.com
Mads,Brandt,MadsNBrandt@armyspy.com
Nicolai,Brandt,NicolaiMBrandt@cuvox.de
Valdemar,Carlsen,ValdemarNCarlsen@cuvox.de
Philip,Larsen,PhilipMLarsen@fleckens.hu
Rasmus,Carlsen,RasmusHCarlsen@rhyta.com
Martin,Frederiksen,MartinMFrederiksen@cuvox.de
William,Rasmussen,WilliamMRasmussen@dayrep.com
Thomas,Lund,ThomasSLund@rhyta.com
Frederik,Iversen,FrederikJIversen@gustr.com
Peter,Paulsen,PeterCPaulsen@rhyta.com
Johan,Thygesen,JohanNThygesen@cuvox.de
Nicolai,Frederiksen,NicolaiHFrederiksen@teleworm.us
Sander,Thygesen,SanderAThygesen@fleckens.hu
August,Hedegaard,AugustMHedegaard@armyspy.com
Mikkel,Vestergaard,MikkelMVestergaard@superrito.com
Carl,Jessen,CarlAJessen@armyspy.com
Felix,Lauridsen,FelixLLauridsen@teleworm.us
Patrick,Paulsen,PatrickLPaulsen@armyspy.com
Helena,Christiansen,HelenaSChristiansen@rhyta.com
Patrick,Eriksen,PatrickEEriksen@teleworm.us
Mimir,Jacobsen,MimirCJacobsen@rhyta.com
Carl,Søndergaard,CarlASondergaard@armyspy.com
